f1,f2,f3,f4,f5,f6,f7,f8,f9,f10
yzaxu,IVdZsocGzLVs,Ixc,GH,cqaSHEpJETSIT,TezvdvJ,gNHlwtsHBg,aDjfAhLWULqTK,qtwgVQFjWcQzKhbpcSZb,hcOhMZdiBKyLm
CsLdP,afvbZslGzQen,seH,Us,HJLAYwssPdljE,EKEwoJK,CxeSpIkCtf,LUpBKTGIMFbzi,GRjFHfGdMGWoHFjnZrzk,qTYPFJMPhwUSm
qFQvY,zCqQpCffQLEY,UMd,Ad,habVwyhKqeWAl,FgqXuaa,UYXCfRoUws,rQXfAwQqPRhFW,wTVpADtJlvHORLriffFk,oTOreRWfHhiJi
pzAcE,vDmvclSwhEuY,vis,mj,smPIKOZxoQVZA,cecbCTX,xyfpMumvbf,eKLXtYgDyclvs,wrwkFMwIFPJWEdPNuwJp,SWzCJOJvMOtHj
LMPAN,mVzeJfgPBiHf,ewG,Ji,MUHmCZPPgKdpA,bWgOFtm,jLKqvbmgCU,ipWzWfXcjHrPB,LhuCYDTZWCUgQqvTsvQM,curHlHCDKHGKT
yYpdp,hGeJssBgpPtb,MgL,HD,yGtQNORyvaIyQ,uvYzgJw,EVOXrvmYti,ARrEePlzEenpu,IYVbPclagTKLnjGFtCBJ,JvYhxnTdkKlZc
xSLXM,YdMmzQwuwRVw,IAX,Ph,tQMhLsJxvGPjO,FzXvwvP,rWgJnxOmCI,uXuVtssmjZujU,nSUIsMQSJSZKLHuhQiLv,BMRDzjCcVArvQ
jLIln,HNqwsybsaxVe,HZG,tM,ppjbIEQRMotnQ,AxmChOB,OVtVmfpPao,gCpQyHeArmdiO,RhKENscjuaAJSOOztFEX,jLBNmCYDVhlOE
LNyyJ,rjkvvLqnrrxZ,rch,nD,TXfHSJoKCQaCD,nWWYJVR,KOXaOmHLzU,tktpSOFPKwHBv,BmtqCDmmHmKjMNBXUhrh,YNtYnTPrXNDcr
eDJqV,ZxVaocHIsLxI,hOk,rm,nKejIhajSdFSl,XqaGWBm,WotakcnIum,gJGrfrvGvzxOl,OMuQvlVsqmyzCefriFOk,poZdIgerQPdrj
djyCm,qClZBnZStKKV,CuY,Rh,AmmTVuyXqJgoy,KVxTNeJ,RUIRFUPBPX,oyAGFzPMdjyaZ,oESojGlLZGTAZljPceVZ,xmJRScIqfgmVe
rwjKs,BOnguYJpvLzY,bDP,tH,dIIsQtXTyoopi,JkNuEeg,MxNwoqBEiK,ybNYIAWyaIwHz,emXsVxnXfuffRnYpOeBR,PTqXPYzHAnHoO
pKTsm,bGMqrwpyoXdU,aTL,ld,UwyQZdkrjIPCi,ACDBlrc,JiOeOyyLsP,jwtbjqznyTVJH,oOHkeWbIXMVlfWzuNJVZ,PrXnSzrJhhOVO
WYRLv,SkzhrcoJUuxv,vfD,VU,GEKSiIsqrKCXL,BKtBZTg,CZBnNyoHNx,vmXiMUIuyCqEr,OXAoAcOmKFMASkEyknuQ,nvEgCuFQwMUOO
MGcyH,mTCNxPAwAtLN,WQp,lt,zCtaFNZrLDNwm,AUPMbAz,yGHXqdJdOb,oSWjIZpHQIWvx,yNdNmXgLPCOVKcZZPiVf,vrCcFQNIsVdUj
wmIoo,uqfFJTyMYeyU,Fup,mF,wbcTJlWizRIoC,oYzpXUc,tHWQjeLFZA,FveVATzIgWPNn,vadxmwVTghhtOfdHVIpa,EdMmaPkhgAnuU
OZaiW,INdeBRBbtmfB,wjX,ec,TDtqIfHIpZCVs,BjSLcmu,XuITxueYVo,DlluSfTlPUKxV,DNGSbDKFwSlwSISoJHUy,hAGiSqJwzjsUL
JDSrt,ffhTDhPGRdXx,tRd,dl,zRAqodcfPndrM,vRdJMKn,LByFvDwqZt,lMaczFkyIVZuF,sWPDnwRshUYtWPeXQezI,ioxmOXlusBcoV
vYgWN,DznmYdHpqKLY,lAW,IV,JuiAOyTcwsXUH,znVjrcV,fszhfysCEH,ZlgcyXEPOiIbf,XrrYJCaltKeQQEUKOUBC,YvbqWKmCSClik
ORkdO,aRFsKauqQDId,KiQ,yM,uNWZfzuGwkNXQ,DUErUbQ,xNmQKsmZdQ,vHvLuAapuKRLV,HRwNJsfhHLQWEluYNxgj,FrTVxLtWCQRrA
NlJvf,MxNejqsPKGkj,pZs,Hr,cjuPLIElFULDZ,keFZAri,iAWJbCGYBk,bYLtCwqKalWLF,YjPRGNiKqrpQkLLjeFoD,BSECKfcUxQMyo
RongA,iaXupdzYKGKb,GwY,Fe,MLDEfXCCzXFQq,krVMFWz,tBynuXhJNu,BxAXUNqYEBPRE,VfrxiTdYJFPSJaWnikhe,stcMTHAfQFATy
WySvZ,EgPpGGIqGSTR,qft,Dn,VZJobKcQpXHnu,kHjjfxo,qpnGDWXLmA,ruuoYlUPdqXZz,HeitPtVkAysiTISOtYrn,zVRPSIbWtYzsU
VYHlU,lBqnGnYfxaAL,eau,IV,iRebXiKmOFsTf,XzCBUGE,IKiOSOophF,fSOmqYCVQJAnU,BmKOIUotJSVGSKRlDFfp,HPqyWLSsPxeNZ
vHwbr,EuaykBnrZBiP,hoG,aC,XrKoWPmPCEHHe,WcmRxBN,hlqXZuAydR,jshMtbTiodvqd,HxYlgLghlEAzJStBxXKq,KaQbjEazXeRyS
mveOP,UBacvivnehoO,dDm,fr,iZyIsmMZWLypG,EMakhiO,kJRXmfquBs,xtTVzxpJWDTkG,tObhQueKJbJCdUCwyYCk,WUXfTVRkSJmoj
cqomM,bgHDVsSryYwH,ihS,av,uOxhXnuIXWrPx,ZPALtBJ,WulzVgRexY,LKapqDOORofCK,iQRiuvSLaMEkwFYBShBi,JMjzkhzifjYlR
UyauL,JXslLLhEvzLR,bvb,mF,fGYYlLjkjPbrC,MwloduW,QvybSMVWUz,gKADRdtjWkAQR,WwsCrdZusKQJFtvWolye,jDSYGBLyVIrNx
Gqocn,LFNanPZZGrrE,CdT,UQ,OMaXXOEnCEfkY,MqhHEJQ,ePlWJZstGu,NAIQomMwZEKdl,SLAjOwNFRaUbTjeoVGXQ,rkTBHlamsvYbh
OxoWF,ZpnJpSMwCOXh,qdw,Uc,eqtppZGJcfEFV,mkNvWwM,NnWysFKPJh,diUzkOIRVNeZE,vFgfvydPGSCSsjQAeaUd,rZAGOVBmoefUi
iIIKc,rJwBulCUzFiZ,Awf,bk,NEbjvsjtZyveJ,OYKdtwt,shLyGPvoDO,DGoaxJqilrtyv,kQbMPogdFBVKrKBhLZSS,prXGyxctydMyg
TUMdl,RCoQWKViadBI,jbU,zh,mZvNxuFIbRpue,kAKsUqO,TbqjndrDti,iKIbPVbMvRGQX,eMoqPZVCtdrwIVzUrkJV,WQtHrxNsNjQcz
ZcThX,UBSwHrNRgqPc,cuo,Px,TOviKYGaGnRGK,zwlJZkQ,jQVvqTpbMO,sjkOpwQLBYydX,OkCiStOfGNGXfMzVdYKy,tGOUpgBZYStji
YzAAF,nwfDtubeQFGI,yeC,Ah,TnhKyuJufDueo,oEYNCyB,DTjBXQBCoD,FteCIXcRHtHQR,CmBxHZIrEKYnrByRLOKA,kOzNMnBzhmQeM
Imjws,tJjmIYcOCJJe,uMt,CW,YTmhgvSsxkXHd,OsNUFlg,hiQHDyPXeU,TzDuosHjFiqNO,lbHdQvmzpfxwfSvlAIFl,sLjbWsxmiAJxY
pFYgD,LQQFSfdfkpuZ,vDK,OQ,syEcMVIsHYsni,mCpIoib,PHIvyikmYn,NylUlIfiPDEIn,jWQJoCdOMzixyypQNmLA,hIwdBtmyecsgg
euPJQ,Niombonqamro,Rya,Jb,TzWmhcwVkvVXg,pIrkrtr,kQHCwnRceb,uuWWFOYSsnAHs,UexVZduczQRCQWcKiGTK,TxpKomJlIQEMp
RyVrv,YYlfLdnraiia,Mre,Yl,pPHzHkZeNQsTk,BXusFhg,WfUFThhwaA,CNRxIAwXXeoRs,XaUrtJWkTWMlrdapvVwo,HHcOVkMfLadVe
HrEtF,tVAnLgnnSKAH,UwV,jc,ZQcrmFTeoLykN,mMHzXLb,MFdIMhIorb,WsIaJqnGYEetv,MUYAADOKxluwhGgGJspS,jAXZleFaZeuBo
fALyt,cUkFqDLloEZF,CqE,QK,nFUfGSGrgnCND,WVYMpGG,ewPnMeGNBa,wLuyOpVNKwmZz,hIXiiawIZdsUXwDPQNvS,SojefgdbFONwR
WPcye,abVlIKgtbwtY,Jrb,JL,aaKlgEXXueBBx,qyujKTh,sBQFLDBcLR,IopzEAzdLaZYg,ziVQlwkbltPNiVFIqjXO,rsWbHxCdinAqD
hhyuo,zfEkKbdDTBuF,DnW,ap,COsSJiDcUECpU,iwqbpKm,NlaUJfMrIj,frSgbaTCaQJmF,MBUMqzoFuDTwojzulSda,IMULtdSvhagjL
xfvBG,aoMTLnXjUHoj,cqC,Fz,CSqRRiZQhAtya,WPwtbTQ,lQkmdCYCJK,RQvQShykLLmzJ,jimgPWiCLaFVSDZDvqcQ,YKvMvQoONqpUx
XlLHf,vGOYrkzfnhEV,xvR,OV,DsMqFuqtPYngH,mRzwYwi,OtUhpqQYnX,jJzblLjcGumwG,MrWDtkjeljhRwFsqWUHj,UPtFbHABlwOZg
nrsPh,yQmHjSJTodco,anz,AB,YNJaYUHWDLexs,ZdCcPGx,LJynnKfGYd,EzwOaQwIDggky,SQpWABIIYPLeejVTQVOf,qsCrLMyoAIrmy
ShhNy,cBAzmxbGOgyD,wPK,kU,pBITsKyPemTns,DOeeCRB,dcUavqiTAV,FmlBvZeccJlFJ,KTIpLWyBGjdaixjCUgvA,VgnkZjQvTRDdR
Rrpfq,olCIbkjiKIoO,hvr,rZ,jjuMKVqYXyQSF,eZamrpl,fEhRaAPTzY,FyqlnHPVMseZu,tUXqPWyGGisEQRFwTQZZ,PHHfeXVZuHQFV
iEjpA,gZpycrptSgzL,oCW,vW,viFxvHVvTpiCW,xbrxHnU,hIDAHgKRnd,LCXAHlgKfGJjl,WgfinTVVnfcqkFCeujOv,SmvxfQfgrdlnJ
QIGSX,LVnlsdWrTUGa,RCh,ox,SjiyuULSyRJfC,GsiJqcK,AJgpkHGRsc,EZxvlPmKPHZKC,MwuXkkouzwSuMVKRoOak,RqyMeKpeLAcVw
sEvIV,jegvleuLUKIq,Ykt,IZ,PotvuUEeADyxq,YzUNfeU,RDTNXZJgWk,qfvmGPZdPbToE,keDBDggkkANhuiYqBuIF,iFgOWYmsvSETq
BLloe,CcQkkTyfswKI,sWl,vg,SfaTMBcArAjEv,HArZOlU,gdokDGzamq,yroppmRYZFxxO,huCnaddVKURhYwxyuQDg,ljIjgCGWmCmXI
HbeUg,HWlzlrCusRFq,UCr,Uv,ibFsUfXOGxGjW,iVSPMhH,zmiOjplWjO,cvOvJlCelQThY,ULdVPGzvZmCpBxXtcKgr,fZKMvbCJsjOlk
IQaSz,JVMkdIkbqcxI,VrQ,sJ,jeZDmmXBcEaAa,ULzFqZg,IWxHiSSLAF,SEsuGTqXIrscb,fhLQtgtCSDUfkGRTHXSK,zVoFRsPtnePPm
HfsIC,HmiUaFBUgpcw,daJ,vc,ywLiNtPYutiHG,xwQmltv,zSBgTspNop,PNLfbvWdnijxl,ZlCewfcixVRTYeRtwmKN,VpVOzXmWJqWYV
MZKfl,mRaXYKcsYnSp,LTU,OZ,qPsSltrlgUuzN,cmlsFUp,kxgvGhuEQG,qIZRdoaelzKMd,vwqsnanVNgdqbaliTdFi,TBthRyEzTTmfz
AwQBa,dBYGCUDzsiSN,rRN,rh,dAdwdOnluCxfa,JZqJnoj,LNFLzIzWSd,ECugBfoTLMZbg,vSIzWIImTlJuoSAZsYJU,FKVFZHRHKHhIB
ndsZP,DztTxArYBMYy,FqZ,oa,ZlXVLWHwurtam,MToJPww,JmYETeQyEV,HIgFDDGiAeDsh,ySyqmYIwUqMyEKNjREoN,VTYPsTMvHysxh
HzuFd,FYjqDzTouEbF,lwA,df,FCoYehzPTXurE,oHOEZVg,YCLoSuWMVW,gDSaatMvbTYqU,lygNxFbxfigUvKkwqnnk,xBguwfTPYCaoM
hzrfd,TNEuXBKlzBqk,DIP,xl,bnzVQLgjPMpDF,ghXlFmG,ljkOGHjnBa,vqnpuMfzToBZt,BjzCRJDJFWegSnLzPCfQ,ECktllQnwjgwD
IxJWk,hciALnVVLmzd,KEM,kH,bjfGMTgQOHSEI,VCKKvzt,eSslMVNKbg,lrBqcHvKKEaJE,SUKIIykjkKGjZikGvmRM,vdMezEpvHstQO
GcIca,QSGubrSyecJG,cqs,At,WLxGsOmCvuIjU,IRnJVtN,PbpsEZBpVH,hujDkPEClITtm,FKMdvEGUOTzabPGGKyIZ,LXCmkSHqADOFQ
smZyg,EEIWtpcyDxYO,pII,dG,AvwmeFtaexWUL,BWfukEQ,fDUWgzakSI,XfuBqIhLPTMfm,IDvsemiUjgvHboYIYDqD,mIFRKygsYbGrV
OBBtD,IIsfcKZNKxkr,KHM,Ta,fhiVsATEWDDWU,fCkGitI,gjZZlXJfcp,QZKfMWOMYTmUF,ksgmmBiplImThYpmoJWT,tSpANsSifurPc
tqgDO,SYMFGRyWJuVQ,UqC,ZG,anxOeTgvQKJKO,psCZipJ,PWxMnPlKYz,emZGaEnfiFvqr,AQeBSSRxftDzjnqCveVT,jJWkMmZBqhSYF
VCDKi,kERKSMtupbYf,Wje,WX,RlyoXnGtYYQlk,qSkgffp,PFXSrVvyKu,WVWzweCswsPdK,vUKRcJrhOQRPclNjvbkm,ACQChmkPYEFmQ
MErRG,vKzUkWYGraWi,FxK,Hy,eBYhDqAVEzhrL,PfLxapq,KfDocTgPxI,jwAkPTYNToeCw,pNwwztnZNdFQtiGXsytj,nsJCMwpTxOXjE
LgGlA,tsOQKGyJpKbG,fHY,hj,kLivUmEnlrXnB,ihsNPgu,mVpMHsClyf,aEskmbiBDKzih,fhCkonWakrgiXvJXNpaH,weSWhaHSqXYky
VbCsU,ACaqwSjlxbkx,WvP,Nf,JcWOCssrunyDj,kaGDwnN,sweWDjhxPj,WSDvNvUXAPsAy,TpIUXDzRvmSyMGAEiBnl,HCgHvKuOKuXEF
AyZmO,KEqADRIufAdD,iIq,tF,towUPtCMLYjMT,trQxDbl,HolPwVolsQ,plQZDSbUvdHxR,cfkvIaVNQSUBYCWWhggp,ApVtcrmGiIZGA
CpAVe,xkuQCEMmhwZQ,vND,VB,NucQFhnGQxsmo,JmoWzCi,qbOXXmxYLI,gjicRPHsgfAZi,PYichkTqKvhHUrrejkyO,MYHIgRNytPVdg
VYPBb,eKnUAAJaRbDw,pQF,ax,YjFqzcKCUvsTg,qPNjwat,KaJgsqbdpF,FdeuKijQNiiOO,TIubWyCeToTxtvMTfhVv,JlnjIxtSHkunD
xMQVi,LtrKICdRrzmt,AyI,hR,vWuDIAROhthzS,hTenHnS,CePjXOzoZk,rrSCszKuziMyy,RPYxKVSQlIuAmqDSehiY,jvUZPnqjOEGOV
PChCX,crwMQBcbvfck,jMu,Ur,JNjQYnCmRBJOn,FiDfpSA,fXefMckbCS,HpglgJWWevPmt,vieTGLgXxppGecHovQkI,GPoRRLRlPQiWV
gbacy,KsfrqwewMoGz,QOr,OU,fqXgkvnpdYnpb,yuHZiUa,EWmbaYpPrY,CUZDNNODpxzJj,WyvCtHJKMRanVhpTQDCZ,DwfhzMdMGssGG
uRVLV,HRGQJbYWmfiy,mGg,sE,SarLBzYehYaeF,UkNvXlP,ddSYXTDetN,JlYUWneKFaBbx,myDrEaJkxtWPpmhVNwxs,WcwRZrVsyIFGL
ttGCS,NCNIVyzWKEvz,KNh,hP,zVQkSZJFTZbSQ,YtDTwGA,JSzwgHQszG,lioMfHaFcmFlH,sswJzHfakcFfYcDBCUCP,zffZrPDjZylNX
uPRxv,mkFdKPYxCrYV,udF,tR,vjMapRiiwWJiZ,gEBLLDB,qDimPJgZfn,slPMxOXroCeHU,mwnIoNArPvbZdmtcgvrs,TKXMTASUfFnLu
UTLhK,eNMfEpQktNxw,WOy,xW,wobMOEzUpcohc,WOZsAHI,rnJbnjuXPi,GhHiQavwaeMNM,oxtjekPBFnmSqILiXaVz,UGfeBJtvBCXYv
vnwtB,pYiSMBmzEiZE,ewX,hC,GVaiTTzmOxvaM,nYiEJeW,oberiFfLQZ,ZdbmoFTUWbpZS,DAEEUJDzrCOSneyqWJgw,PyNbHIuJOUwhA
IUPfb,BrVcSGctWvmb,vvb,eF,IRFZJQtXZQYWJ,skMYvam,fqfUdtaUwV,pCoeEmmJHSbLB,cYpAZdAzdmeYkUInAcgE,eterRgVkYWURx
hHlaN,NiEnETDUeNbc,VEC,GO,pHkBcfkZJolYD,OdVpLry,GTncXbwBJt,nCaxgGrzfbEGE,pePzaVvcCQRzqImIejGw,XHeFcWWyDmczf
gArdX,xHXeQYtBXHgT,cjA,xs,ppBTRGHlTBkzW,pkSdrEO,UBFeWeiAyY,eTpzwUpVzApob,fUjIiLadnucSNUUzuHXa,vfDkVakWJuMiq
LZFkZ,nGVbxAojkEQh,Qze,cG,TYqXCvbukAZzp,CVqfpir,JscVoIsqez,RYbGsFGAwueAA,mJAhZcoUpibZYWxEdZiO,ozVeXImtYtDlH
FPLqs,TccTygGFZGJf,jHj,Gh,zsbAXhgdCHSqd,dOhPdrv,iclWHvLhOe,zLMsCPtXgNrKg,oAEGTuYNRwFBBQMDMDHd,eyvqomLdqwckA
lFKln,mKKiAeRzfWvp,Mdj,hR,znOoibibHeYiy,DbucWDM,zZuJFzJANI,KAOkKPIRBxvFr,YHtLuedrFDzWtcmRUixq,IELMUStHZVMYE
lvccN,sPwTnaRcRewI,hhj,om,XfKhEHftZrxIA,Tiiczsv,pFcjzLgGmv,sEBhmlgFmdOgh,PjExEitNyORTXVnBAOGk,ZPCaRClJOjZim
uvcsQ,jwHSyzczHhfG,BHf,lf,CwQVpeOVUSwaR,RwlNwSf,flxRfoWsrS,dRPSObZlJOUJC,OhjOvwrkcHyDsRVUIZna,qleImaWVAuIyx
phguD,sDWSyHxWkpcI,WHE,OI,iTvMckDjxJHRU,KJpgndv,spEHGZsrXl,riccYpNCzunQQ,swpPOImjvfSwqnwdGHIZ,irVSxShRUaKiu
secQV,WgvrQoCDwlRh,xiq,CP,DHUmvlmSbUQel,nTRRvsS,qkPXranWUr,diqSuNqbScklg,hmcyFtiGqUkChOdaXHny,gLqyeUjQfKzAM
kICHG,GfqZwJzjMOXW,dPa,oD,bPWIwlmzfeBGu,rDteCch,HfLaOqgFMb,jjDQvlGErpxoh,wRQskMImHJqwTRJbEAKG,YqmjZFnblJxuL
PnnJm,GTnKMqEhZXLN,ivT,Rw,URxRufDVvBWzf,CbbXnVx,ULlzwyqctI,sbqHqbXMvmvFd,iIMROzgEysAJRzQhZkiu,HZCtpkWjHecPS
ExvMn,BLoUatdaxFKP,yDS,pE,rvfzevcnzKnAL,ZRaOFzQ,NFmQtOUcsH,cvYjoajyNQEYT,jrzuwGzhiXBgVXOCnGZV,XBfrQjbqtsOnf
YtUHl,iABOwNgfhyNc,mZW,qb,wESAOanzuTLXc,pXofita,ZjvXwxRCHD,TjaOuJsKKamRY,XchPfwzbWPiQfOfnSMyv,lSqSbNlRlrPHB
LIWWV,kbGyzurQsbbV,GnJ,qr,nRmmFJwmoLstH,MGljJcY,kNucYfpvPc,ckthRfIECjhdn,uQtJMbYsoHuERfXuhDNA,GbxVomXkpcOVs
kQeAz,apsdGqZGtYzd,mRp,mM,JjAVygljJLgSp,CKeMNdx,rUNcYkQciz,GlDGmvAfeeywZ,PcCiiKVyrOVeNrsYfdzc,WHzLeddboxjmN
strED,LmoCeROxwqcd,mux,Sr,fPWdpdJKXnrOQ,ESUmcbX,LOHXQTctZg,YKgajRyAqNFuD,OQPIzbXXRmKMXXpdhTHN,OHZWSsekMkIui
hOEZl,LLVPTBWqseXd,iVC,wE,aLWzkpGwLriTh,eqPYLdr,YYiVyRThpP,XjRzfitnZgKar,xRdIZmYsRnNgMVLvwyMy,UOdLJWBmQVaXD
YsHjn,RdYlnzjWTgqL,eXs,xR,afosDXyOcfGLF,OYZjeBe,kPbOYzKqKL,qXPCPHRTcyMuu,VSXsVFSnhdKWvYUlsCNV,FapzkpVpVmkRn
UNRNM,tkwgmkfYndOj,yEM,IW,vbZCMEpKcpJgl,VRopEXE,arjRavVduG,rGVLbharzjDtG,hLdHdwisYOGkoLJsxfwG,sdLANmtfWZeWn
lEpBF,LaBgpwwxIYpr,COw,ox,dafTRuotszrqQ,DAlQMHr,KeOQmEKjJC,BythQmItvnGHn,EckeZKPIwwYRJdVkQHwB,lfkjDYiOTkoFe
