first_name,last_name,address,date_of_birth
Sabrina,Hill,1229 Davis Pines Suite 678,1947-12-17
Lisa,Stuart,39902 Shannon Mills Apt. 746,1935-09-27
Antonio,Anderson,640 Lopez Roads Apt. 787,1922-01-10
Tracy,Gonzalez,9620 Thompson Mount Apt. 968,2001-11-10
Melissa,Williams,0863 Lane Club,1985-05-17
Danielle,Hernandez,0608 Jackson Drives Suite 804,1909-03-25
Amy,Jordan,011 Lopez Harbors,1965-08-30
Keith,Schmidt,58619 Santana Prairie Apt. 713,1953-12-27
Jason,Cameron,0642 Richard Parkways Suite 374,1951-06-19
Daniel,Rogers,67642 Richard Expressway,2023-08-24
Donald,Mendez,79223 Martinez Lights Suite 178,1993-01-31
Christopher,Wilson,46361 Velasquez Branch Apt. 562,1928-05-10
Kristen,Grant,2772 Marilyn Square,1997-09-18
Elizabeth,Jones,1118 Vincent Avenue Apt. 326,1945-07-05
David,Hubbard,62027 Jones Hollow Apt. 783,1997-11-20
Trevor,Adams,953 Monica View,1959-01-08
Carlos,Lowery,605 Erik Stream Suite 847,1926-11-09
Theresa,Harper,42875 Robert Haven,2004-05-18
Larry,Weber,946 Jones Drive Apt. 969,1973-01-27
Patricia,Hansen,04809 Blevins Rest Suite 351,1930-07-17
Kimberly,Scott,64647 Fritz Union,1917-10-23
Ellen,Parker,2511 Joseph Gateway Apt. 215,2013-02-15
Nathan,Walsh,8913 Stephens Parkways Suite 430,2019-05-23
Natalie,Reyes,5357 Haley Rest,2019-01-04
David,Phillips,089 Johnson Crescent Apt. 528,1916-10-04
Stephen,Walker,5735 Anna Mews Suite 017,1909-01-02
David,Nelson,049 Williams Terrace Suite 174,1955-07-25
Michael,Wong,627 Conley Neck Apt. 052,1955-01-21
Amanda,Griffin,95938 Tiffany Falls Apt. 207,1972-12-13
Jason,Powell,226 Gutierrez Skyway,1912-06-16
Jessica,Montgomery,10834 Gregory Trafficway,2008-06-22
Amanda,Morales,83267 Vincent Neck Suite 875,1987-01-04
Kelli,Tanner,532 Rivera Manor,2023-09-15
Virginia,Bray,3596 Powell Skyway,1914-02-22
Marie,Terry,7218 Adam Brook Apt. 410,1991-03-23
Jessica,Wilson,2396 Beck Way,1947-03-09
Sara,Kidd,14221 Alvarez Courts,1987-09-12
Nathaniel,Hudson,690 James Roads Apt. 134,1952-09-29
Heather,Thompson,8986 Copeland Dam Apt. 028,1964-02-21
Stephanie,Russell,61392 Michelle Meadows Suite 713,1941-12-15
Derek,Charles,93122 James Greens Suite 292,2008-01-04
Leon,Montoya,368 Craig Crescent Suite 149,1938-10-06
Jeremy,Edwards,113 Rich Park,1985-08-21
Caitlin,Allen,40112 John Circles,1959-11-30
Beth,Chase,5690 Cynthia Spur Suite 727,1930-06-17
Michelle,Suarez,73258 Barnes Alley,1933-03-28
James,Wood,0580 Figueroa Stream,1998-05-12
Tami,Montgomery,2573 Wood Tunnel Apt. 885,1925-04-30
Anna,Wu,1053 William Path,1910-09-29
Michael,Trujillo,259 Davidson Camp Suite 118,1995-02-02
Kevin,Singleton,999 Stark Camp Suite 317,2019-06-21
Amanda,Johnson,97664 Hayes Locks Apt. 505,2023-10-08
David,Parker,094 Shane Parks,1941-09-30
Kenneth,Martin,290 Patrick Parkway,1958-06-23
Elizabeth,Watkins,87070 Melody Brooks,2022-11-01
Stephen,Snyder,94447 Mcdaniel Fort,2003-11-16
Joshua,Clark,45520 Thomas Road Suite 068,1961-12-16
Connie,Dyer,5310 Adriana Ranch,1917-09-02
Kayla,Smith,0238 Jeffrey Knolls Apt. 059,1950-10-06
Brian,Kelly,23670 Sanders Lakes Suite 805,1986-07-28
Joseph,Cook,406 Jeffrey Path,1975-02-17
Brandon,Baker,68633 Villa Rue Suite 010,1910-09-12
Sarah,Powell,121 Jennifer Orchard Suite 574,1911-11-09
Guy,Mueller,553 Michelle Loaf Suite 574,1974-02-02
Robin,Rodriguez,14942 Francis Rapid Apt. 477,1987-11-20
Jacob,Mitchell,5539 Ronnie Walk,1934-10-14
Kevin,Barron,7941 Grant Street Suite 107,1940-03-19
Sarah,Spencer,067 Cain Rapid Apt. 883,2018-10-31
Felicia,Navarro,78208 Moreno Rue,1952-02-16
Shawn,Reed,9989 Hernandez Fort Suite 371,1975-01-04
Sara,White,887 Hall Lights Apt. 194,1954-03-08
Connor,Brown,095 Wood Lodge,2012-05-14
Walter,Allen,23211 William Common,1998-12-25
Sherry,Rosales,304 Gonzalez Corner Suite 666,1965-07-15
Erik,Ho,8787 Connie Gateway Apt. 516,1966-03-28
Kathryn,Sutton,752 Jennifer Trafficway Suite 810,2022-08-26
Carl,Brown,76762 Young Road,1920-09-21
Shannon,Snow,96116 Vega Trace,1928-07-05
Sherry,Burch,4582 Kennedy Union Apt. 770,1950-09-14
Darren,Kane,48339 King Greens Apt. 784,1994-11-24
Thomas,Kirby,165 Joan Corner Apt. 946,1946-01-24
Debra,Shepard,0962 Esparza Course,1925-02-23
Ricky,Hernandez,6362 Boyd Mall,1928-11-16
Dana,Hanna,473 Golden Views,1925-02-28
Alex,Dunlap,495 Osborne Circles,2002-03-20
Dana,Smith,115 Padilla Grove,1952-05-28
Michael,Hernandez,4942 Cruz Lakes,1998-06-07
Michael,Mcconnell,7880 Joseph Loaf,1925-09-23
Gerald,Bond,0621 Karen Plaza,2004-12-08
Kristina,Ortiz,43624 Stacy Pike Suite 356,1915-04-04
Paige,Griffin,9587 Jasmine Station Suite 360,1909-11-10
Nicholas,Rodriguez,28293 Kaitlyn Grove Suite 435,1921-06-28
Pamela,Page,3296 Derrick Club,2015-04-30
Cindy,Little,506 Griffith Fall Suite 628,2009-05-06
William,Crawford,818 Holt Mews,2004-11-14
Renee,May,1676 Parker Drive Apt. 474,1988-07-29
Meagan,Rodriguez,14652 White Grove Suite 289,1973-03-20
Diana,Marsh,183 Miller Pine,1925-02-02
Amy,Allen,67593 Taylor Village Apt. 064,1945-09-20
Ashley,Brooks,583 April Brooks,2007-08-12
